{"helicopter": {"score": 400, "lives": 20, "x": 4, "y": 6, "tank": 1, "mxtank": 1}, "clouds": {"cells": [[0, 0, 0, 0, 0, 0, 0, 0, 0, 0, 0, 0, 0, 0, 0, 0, 1, 0, 0, 1], [0, 0, 0, 0, 0, 0, 0, 0, 0, 0, 0, 0, 0, 0, 0, 0, 0, 0, 1, 0], [0, 0, 0, 0, 1, 0, 0, 0, 0, 0, 0, 0, 0, 0, 0, 0, 0, 1, 0, 0], [0, 0, 0, 0, 0, 0, 2, 0, 0, 0, 0, 0, 0, 0, 1, 0, 0, 0, 0, 0], [0, 0, 0, 0, 1, 0, 1, 0, 1, 1, 0, 0, 0, 0, 0, 0, 0, 0, 0, 0], [0, 0, 0, 0, 0, 0, 0, 1, 0, 0, 0, 0, 0, 0, 0, 0, 0, 0, 0, 1], [0, 0, 0, 0, 0, 0, 0, 0, 0, 0, 0, 0, 0, 0, 0, 0, 0, 0, 1, 0], [0, 0, 1, 0, 0, 0, 0, 0, 0, 0, 0, 0, 0, 0, 0, 0, 0, 0, 0, 0], [0, 0, 0, 0, 0, 0, 0, 0, 0, 0, 1, 0, 0, 0, 1, 0, 0, 0, 0, 0], [0, 0, 0, 0, 0, 0, 0, 2, 0, 0, 0, 0, 0, 0, 0, 0, 0, 0, 0, 0]]}, "field": {"cells": [[1, 0, 0, 1, 0, 0, 0, 0, 0, 0, 5, 0, 0, 0, 0, 0, 1, 0, 0, 0], [1, 0, 1, 0, 1, 0, 0, 1, 0, 1, 1, 0, 0, 0, 0, 1, 0, 0, 1, 1], [0, 0, 0, 1, 1, 1, 0, 2, 0, 0, 0, 0, 0, 0, 1, 1, 0, 0, 0, 0], [0, 0, 1, 1, 0, 1, 2, 2, 0, 0, 0, 0, 1, 0, 0, 0, 0, 0, 1, 1], [0, 1, 0, 1, 1, 1, 2, 0, 0, 1, 0, 0, 5, 5, 0, 0, 0, 0, 0, 0], [1, 1, 0, 0, 0, 0, 2, 1, 0, 0, 0, 0, 1, 0, 1, 0, 0, 5, 0, 0], [1, 0, 1, 0, 0, 4, 2, 1, 1, 0, 1, 1, 0, 1, 1, 0, 2, 1, 1, 1], [0, 0, 1, 0, 2, 2, 1, 0, 0, 0, 0, 0, 0, 0, 1, 2, 2, 2, 0, 0], [3, 1, 0, 1, 2, 1, 0, 1, 1, 1, 0, 1, 0, 1, 1, 2, 2, 0, 0, 0], [0, 1, 0, 1, 0, 0, 1, 0, 0, 0, 1, 0, 0, 0, 0, 0, 1, 1, 0, 1]]}, "tick": 311}